Team,Age,W,L,PW,PL,MOV,SOS,SRS,ORtg,DRtg,NRtg,Pace,FTr,3PAr,TS%,Off_eFG%,Off_TOV%,ORB%,Off_FT/FGA,Def_eFG%,Def_TOV%,DRB%,Def_FT/FGA,G,MP,FG,FGA,FG%,3P,3PA,3P%,2P,2PA,2P%,FT,FTA,FT%,ORB,DRB,TRB,AST,STL,BLK,TOV,PF,PTS,Year
San Antonio Spurs,28.9,62.0,20.0,61,21,7.72,0.28,8.0,110.5,102.4,8.1,95.0,0.24,0.257,0.571,0.537,13.5,22.7,0.188,0.482,12.8,76.4,0.184,82,19755,42.5,87.5,0.486,8.9,22.5,0.397,33.6,65.1,0.517,16.5,21.0,0.785,9.7,35.6,45.4,26.4,7.7,5.4,15.1,19.1,110.5,2014
Los Angeles Clippers,28.1,57.0,25.0,59,23,6.98,0.3,7.27,112.1,104.8,7.3,95.9,0.353,0.291,0.567,0.526,12.7,25.0,0.258,0.484,13.8,72.5,0.222,82,19755,40.6,85.6,0.474,8.8,24.9,0.352,31.8,60.7,0.525,22.0,30.2,0.73,10.9,33.8,44.6,25.5,8.9,5.0,14.4,22.4,112.1,2014
Oklahoma City Thunder,26.2,59.0,23.0,58,24,6.34,0.32,6.66,110.5,103.9,6.6,95.4,0.303,0.271,0.566,0.52,14.0,26.5,0.244,0.488,13.9,75.6,0.221,82,19805,40.6,86.1,0.471,8.4,23.3,0.361,32.1,62.8,0.512,21.0,26.1,0.806,11.3,35.3,46.6,22.8,8.6,6.4,15.9,23.6,110.5,2014
Miami Heat,30.6,54.0,28.0,54,28,4.76,-0.61,4.15,110.9,105.8,5.1,91.2,0.3,0.292,0.59,0.554,14.6,20.6,0.228,0.511,15.8,73.0,0.212,82,19880,41.6,83.0,0.501,8.8,24.2,0.364,32.8,58.8,0.558,18.9,24.9,0.76,8.3,31.7,40.0,24.4,9.7,4.9,16.0,21.1,110.9,2014
Golden State Warriors,26.3,51.0,31.0,54,28,4.8,0.34,5.15,107.5,102.6,4.9,96.2,0.247,0.291,0.55,0.517,13.8,25.1,0.186,0.477,13.6,76.3,0.224,82,19830,40.7,88.1,0.462,9.7,25.6,0.38,31.0,62.5,0.496,16.4,21.8,0.753,11.3,35.5,46.7,24.0,8.1,5.1,15.7,22.4,107.5,2014
Indiana Pacers,27.2,56.0,26.0,54,28,4.4,-0.77,3.63,104.1,99.3,4.8,92.5,0.29,0.235,0.535,0.49,14.3,24.9,0.226,0.46,12.9,76.8,0.197,82,19780,38.7,86.2,0.449,7.2,20.2,0.357,31.5,66.0,0.477,19.5,25.0,0.779,10.9,37.1,48.1,21.7,7.2,5.9,16.2,22.0,104.1,2014
Houston Rockets,25.4,54.0,28.0,53,29,4.56,0.5,5.06,111.0,106.3,4.7,96.3,0.386,0.33,0.571,0.531,14.6,27.4,0.275,0.489,12.5,74.1,0.193,82,19830,39.2,83.0,0.472,9.8,27.4,0.358,29.4,55.6,0.529,22.8,32.0,0.712,11.6,35.1,46.7,22.1,7.8,5.8,16.6,21.1,111.0,2014
Portland Trail Blazers,25.8,54.0,28.0,52,30,3.99,0.45,4.44,111.5,107.4,4.1,94.9,0.27,0.29,0.548,0.504,12.4,28.0,0.22,0.488,10.9,74.7,0.194,82,19855,40.9,90.9,0.45,9.8,26.4,0.372,31.1,64.5,0.481,20.0,24.5,0.815,13.0,35.5,48.5,24.3,5.8,4.9,14.3,20.1,111.5,2014
Toronto Raptors,25.6,48.0,34.0,50,32,3.24,-0.69,2.55,108.8,105.3,3.5,91.8,0.306,0.285,0.545,0.498,13.2,27.2,0.239,0.493,14.1,74.9,0.237,82,19955,39.2,88.0,0.445,9.3,25.1,0.372,29.8,62.9,0.475,21.1,26.9,0.782,12.2,33.4,45.7,22.7,7.6,4.5,15.2,24.6,108.8,2014
Phoenix Suns,26.2,48.0,34.0,48,34,2.63,0.39,3.02,109.5,106.7,2.8,95.8,0.293,0.3,0.558,0.519,14.0,26.4,0.222,0.496,13.9,73.7,0.237,82,19755,40.2,86.8,0.463,9.7,26.1,0.372,30.5,60.8,0.503,19.3,25.4,0.758,11.8,33.0,44.8,19.8,8.7,4.7,16.0,22.8,109.5,2014
Minnesota Timberwolves,26.3,40.0,42.0,48,34,2.67,0.43,3.1,108.9,106.2,2.7,97.3,0.321,0.245,0.535,0.486,12.2,27.4,0.249,0.518,14.8,74.4,0.177,82,19855,39.6,89.1,0.444,7.5,21.8,0.341,32.2,67.3,0.478,22.2,28.6,0.778,12.7,32.8,45.6,24.4,8.9,3.7,14.2,18.7,108.9,2014
Dallas Mavericks,30.6,49.0,33.0,48,34,2.4,0.5,2.91,111.2,108.7,2.5,93.5,0.253,0.274,0.564,0.526,12.7,24.6,0.201,0.515,14.8,72.7,0.229,82,19830,42.0,88.7,0.474,9.3,24.3,0.384,32.7,64.4,0.508,17.8,22.4,0.795,10.9,32.5,43.4,25.0,9.1,4.6,14.4,21.2,111.2,2014
Chicago Bulls,28.6,48.0,34.0,47,35,1.85,-0.66,1.2,102.5,100.5,2.0,90.2,0.29,0.222,0.518,0.471,14.2,27.2,0.226,0.471,13.7,75.4,0.189,82,19930,38.0,87.8,0.432,6.8,19.5,0.348,31.2,68.3,0.456,19.8,25.5,0.779,12.5,35.8,48.3,24.8,7.9,5.7,16.3,20.9,102.5,2014
Memphis Grizzlies,28.5,50.0,32.0,46,36,1.57,0.61,2.18,106.3,104.6,1.7,89.9,0.248,0.171,0.529,0.494,13.1,28.3,0.184,0.497,13.8,75.7,0.199,82,19805,42.1,90.7,0.464,5.5,15.5,0.353,36.6,75.2,0.487,16.7,22.5,0.741,12.8,34.1,46.9,24.2,8.5,5.1,15.2,21.1,106.3,2014
Washington Wizards,26.3,44.0,38.0,45,37,1.27,-0.79,0.48,106.0,104.6,1.4,93.2,0.248,0.246,0.538,0.506,13.6,25.2,0.181,0.504,15.0,75.7,0.22,82,20055,40.8,88.8,0.459,8.3,21.9,0.38,32.5,67.0,0.485,16.1,22.0,0.731,11.4,33.0,44.4,24.5,8.6,4.8,15.5,21.5,106.0,2014
Charlotte Bobcats,25.5,43.0,39.0,40,42,-0.22,-0.67,-0.89,103.6,103.8,-0.2,92.4,0.297,0.219,0.522,0.481,11.7,21.9,0.219,0.491,12.6,77.6,0.183,82,19905,38.8,87.8,0.442,6.7,19.2,0.351,32.1,68.6,0.468,19.2,26.1,0.737,10.1,35.5,45.6,23.2,6.5,5.5,13.2,19.5,103.6,2014
Atlanta Hawks,27.5,38.0,44.0,40,42,-0.48,-0.4,-0.88,105.9,106.4,-0.5,94.6,0.266,0.316,0.554,0.515,14.3,21.0,0.208,0.51,14.0,74.4,0.196,82,19830,39.1,85.5,0.458,9.8,27.1,0.363,29.3,58.5,0.502,17.8,22.8,0.781,9.1,32.8,41.9,26.1,8.7,4.2,16.0,20.2,105.9,2014
New York Knicks,28.3,37.0,45.0,39,43,-0.79,-0.61,-1.4,108.3,109.1,-0.8,90.3,0.248,0.302,0.541,0.505,12.5,25.1,0.189,0.514,14.0,74.3,0.245,82,19855,40.5,90.2,0.449,10.2,27.3,0.372,30.4,63.0,0.482,17.0,22.4,0.761,11.7,32.6,44.3,22.0,8.5,4.9,14.2,24.3,108.3,2014
Brooklyn Nets,30.0,44.0,38.0,38,44,-1.0,-0.58,-1.58,106.7,107.7,-1.0,91.4,0.313,0.301,0.555,0.514,14.1,21.7,0.236,0.509,14.9,72.3,0.236,82,19880,38.7,84.4,0.459,9.4,25.4,0.369,29.3,59.0,0.497,19.9,26.4,0.753,9.5,31.8,41.3,22.6,9.3,4.1,15.7,23.5,106.7,2014
Denver Nuggets,26.0,36.0,46.0,35,47,-2.15,0.75,-1.4,106.0,108.2,-2.2,98.1,0.306,0.278,0.536,0.497,14.0,27.5,0.222,0.5,12.8,74.5,0.233,82,19755,39.0,87.2,0.447,8.7,24.3,0.358,30.3,63.0,0.481,19.4,26.7,0.726,12.5,33.7,46.2,22.8,7.6,5.7,16.2,23.4,106.0,2014
New Orleans Pelicans,24.3,34.0,48.0,33,49,-2.71,0.73,-1.98,107.2,110.1,-2.9,92.2,0.286,0.193,0.537,0.495,12.9,26.9,0.22,0.515,13.6,73.8,0.249,82,19855,40.7,88.7,0.459,6.4,17.1,0.373,34.3,71.6,0.479,19.5,25.4,0.769,12.2,32.6,44.8,22.9,8.5,6.9,14.8,24.4,107.2,2014
Sacramento Kings,24.9,28.0,54.0,33,49,-2.9,0.82,-2.08,105.7,108.8,-3.1,94.4,0.331,0.218,0.532,0.484,13.9,27.8,0.251,0.512,12.7,76.6,0.234,82,19830,38.8,86.8,0.447,6.3,18.9,0.333,32.5,67.9,0.479,21.8,28.7,0.759,12.7,34.1,46.8,19.8,7.5,4.1,16.0,23.7,105.7,2014
Cleveland Cavaliers,24.9,33.0,49.0,32,50,-3.29,-0.57,-3.86,104.2,107.7,-3.5,93.1,0.268,0.236,0.518,0.479,13.0,27.2,0.201,0.508,13.0,75.8,0.199,82,19930,39.3,90.0,0.437,7.6,21.2,0.356,31.7,68.7,0.461,18.1,24.1,0.751,12.8,34.0,46.8,22.5,7.5,3.9,15.0,21.2,104.2,2014
Detroit Pistons,24.7,29.0,53.0,31,51,-3.66,-0.48,-4.13,105.9,109.7,-3.8,94.9,0.296,0.222,0.514,0.482,12.9,31.4,0.199,0.52,13.8,73.4,0.218,82,19780,40.7,91.1,0.447,6.5,20.2,0.321,34.2,70.9,0.483,18.1,27.0,0.67,15.3,32.3,47.6,21.9,8.8,5.0,15.2,21.3,105.9,2014
Boston Celtics,25.4,25.0,57.0,28,54,-4.46,-0.51,-4.97,102.9,107.7,-4.8,93.3,0.248,0.251,0.517,0.477,14.2,27.4,0.193,0.505,13.4,74.2,0.227,82,19730,39.1,89.7,0.435,7.5,22.5,0.333,31.6,67.2,0.47,17.3,22.2,0.777,12.8,32.7,45.4,22.5,7.6,4.5,16.4,22.7,102.9,2014
Orlando Magic,24.6,23.0,59.0,26,56,-5.44,-0.44,-5.88,101.7,107.4,-5.7,93.6,0.253,0.235,0.525,0.487,13.9,22.4,0.193,0.504,13.0,75.5,0.211,82,19955,38.8,87.1,0.445,7.2,20.5,0.353,31.6,66.6,0.474,16.8,22.0,0.763,10.2,34.1,44.3,22.2,8.1,4.5,15.7,21.6,101.7,2014
Los Angeles Lakers,26.8,27.0,55.0,25,57,-6.29,0.96,-5.33,104.2,110.6,-6.4,98.7,0.263,0.291,0.542,0.505,13.7,20.2,0.199,0.513,12.4,71.0,0.192,82,19705,38.7,86.2,0.45,9.6,25.1,0.381,29.2,61.1,0.478,17.2,22.6,0.757,9.2,32.3,41.5,24.8,7.5,5.5,15.3,20.1,104.2,2014
Utah Jazz,24.5,25.0,57.0,22,60,-7.17,0.91,-6.27,103.5,111.3,-7.8,91.4,0.271,0.237,0.523,0.484,13.9,25.5,0.202,0.518,12.1,74.5,0.227,82,19780,39.2,88.3,0.444,7.2,20.9,0.344,32.0,67.4,0.474,17.9,23.9,0.747,12.0,32.9,44.9,22.1,7.6,4.9,15.9,22.6,103.5,2014
Milwaukee Bucks,24.7,15.0,67.0,20,62,-8.18,-0.23,-8.41,103.0,111.8,-8.8,91.8,0.274,0.231,0.519,0.479,14.1,27.1,0.204,0.52,13.2,71.4,0.225,82,19880,38.8,88.6,0.438,7.2,20.4,0.353,31.6,68.2,0.464,18.1,24.2,0.747,12.8,31.6,44.3,23.2,7.1,5.3,16.3,22.5,103.0,2014
Philadelphia 76ers,23.4,19.0,63.0,16,66,-10.45,-0.21,-10.66,99.4,109.9,-10.5,99.2,0.268,0.258,0.51,0.475,14.8,24.8,0.19,0.524,14.9,72.4,0.244,82,19855,37.9,87.2,0.435,7.0,22.5,0.312,30.9,64.6,0.477,16.6,23.4,0.71,11.6,31.2,42.7,21.8,9.3,4.0,16.9,22.5,99.4,2014
